vertical,name,phone,E-post,address,city,lat,lng,Antal hantverkare,service,rating,info,Specialisering,geocode_status,geocode_note
Spol,111:ans Avloppsspolning & filmning i östergötland AB,,,GERSTORP Grindstugan 1 585 99 ,Linköping,,,,1,,,,,
VVS,3Des Rörläggeri AB,+46704190894,info@3dsror.se,Munkegärdegatan 107 442 41 Kungälv,Kungälv,57.88632534327376,11.965629211062597,3.0,Båda,1.0,Raman +46704190894 Göteborg med Omnejd Jour & Planerat,IPIS Konsument VVS,,
Snickareonline,AB Perfekt Bygg och Måleri,+46706168158,,1,,"59,317399","18,063439",1.0,1,1.0,1,1,OK,"Swedenborgsgatan 1, 118 48 Stockholm, Sweden"
VVS,Aberga VVS & Svets AB,+46730986932,carstinge@abergavvssvets.se,Aberga Byväg 11 725 95 Västerås,Västerås,59.66087825546143,16.691726833285635,1.0,Båda,4.0,Jesper Västerås,IPIS Konsument VVS,,
Elektriker,Ac El Krille & Mattias AB,+46709987424,krille@acelab.se,Tennvägen 10 371 50 Karlskrona,Karlskrona,,,1.0,1,1.0,1,1,,
Elektriker,Ac el Öst AB,,johan@acelost.se,Havregatan 27 603 72 Norrköping,Norrköping,,,1.0,1,1.0,1,1,,
Spol,Adolfsberg rör inspektion och spolning,,,Bondsättersvägen 108 702 30,Örebro,,,,1,,,,,
VVS,Agdor aktiebolag,+46706315379,info@agdor.se,Rodga Guldslottet 1 61691 ÅBY,ÅBY,"58,665752","16,181856",1.0,1,1.0,1,1,,
Elektriker,AH montage AB,+46734789900,ah.montage22@gmail.com,Lidnersgatan 9 754 42 Uppsala,Uppsala,,,1.0,1,1.0,1,1,,
Handyman,AHA Städ & Green,,,Västra Bangatan 39A 195 40,Märsta,,,,1,,,,,
Elektriker,Ahlin all-el ab,+46703336202,andreas@ahlin-el.se,Västerbyvägen 2 733 73 Ransta,Ransta,,,1.0,1,1.0,1,1,,
VVS,Ahléns VVS & Värmepumpsteknik AB,+46705556702,info@ahlensvvs.se,Hagagatan 25 716 31 Fjugesta,Fjugesta,"59,172638","14,871205",1.0,1,1.0,1,1,,
Elektriker,Alegos EL AB,,info@alegosel.se,Nydalavägen 16 152 51 Södertälje,Södertälje,,,1.0,1,1.0,1,1,,
Elektriker,Alerta Elektriker 24 AB,+46760084088,kontakt@alertaelektriker.se,Torekovsgatan 20 214 39 Malmö,Malmö,,,1.0,1,1.0,1,1,,
Handyman,Alexander Jensen,,,Widells väg 3 213 73,Malmö,,,,1,,,,,
Elektriker,Alexanders El & Energi AB,+46723883072,kontakt@enelex.se,Ödlegatan 2A 380 30 Rockneby,Rockneby,,,1.0,1,1.0,1,1,,
Handyman,Alkhateb & EL Konstrukta,,,Stenåldersvägen 3 302 63,Halmstad,,,,1,,,,,
Elektriker,Allservicebolaget i Norrköping,,info@abinab.se,Östanvägen 42 603 75 Norrköping,Norrköping,,,1.0,1,1.0,1,1,,
VVS,ALLTEK 08-018 VVS Installationer AB,+46702083260,anton.lofgren@alltekab.se,Björkgatan 4 753 28 Uppsala,Uppsala,"59,858757","17,638515",1.0,1,1.0,1,1,,
Elektriker,ALLTEK Uppsala Elinstallationer AB,+46702465957,jens.johansson@alltekab.se,Björkgatan 4 753 28 Uppsala,Uppsala,,,1.0,1,1.0,1,1,,
Elektriker,Alltema I Linköping Ab,,,Flöjelbergsgatan 12 43137 Mölndal,Mölndal,,,1.0,1,1.0,1,1,,
VVS,AMAK-EL AB,+46760593687,ahmed@amakel.se,1,,"59,317399","18,063439",1.0,,1.0,1,1,,
Snickareonline,Arezelius Bygg och Snickeri,,,1,,"59,317399","18,063439",1.0,1,1.0,1,1,OK,"Swedenborgsgatan 1, 118 48 Stockholm, Sweden"
Elektriker,AS-Eltjänst Hälsingland AB,+46722272098,villiam@aseltjanst.se,Öjevägen 24 827 50 Järvsö,Järvsö,,,1.0,1,1.0,1,1,,
Elektriker,Assemblin El (Örebro),+46104723930,johan.x.nilsson@assemblin.se,Klerkgatan 18 702 25 Örebro,Örebro,,,1.0,1,1.0,1,1,,
Elektriker,Assemblin El AB (Kalmar),+46104723807,kundresk.el@assemblin.se,Flottiljvägen 16 392 41 Kalmar,Kalmar,,,1.0,1,1.0,1,1,,
Elektriker,AT El Styr AB,,ali@atelstyr.se,Sågverksvägen 35 152 57 Södertälje,Södertälje,,,1.0,1,1.0,1,1,,
Elektriker,AT Elinstallation AB,+46733241766,atelinstallation@outlook.com,Bläshammar 11DF 432 48 Varberg,Varberg,,,1.0,1,1.0,1,1,,
Spol,Avlopps Specialisten Sverige AB,,,Ådalsvägen 18 275 66,Vollsjö,,,,1,,,,,
Spol,Avloppseliten AB,,,Bollgatan 3b 352 46,Växjö,,,,1,,,,,
VVS,Avloppseliten AB VVS,+46760017714,vvs@avloppseliten.se,Box 69 24221 Hörby,Hörby,"55,851685","13,662165",1.0,1,1.0,1,1,,
Snickareonline,Backamöllan Junior Bygg AB,+46729071076,,1,,"59,317399","18,063439",1.0,1,1.0,1,1,OK,"Swedenborgsgatan 1, 118 48 Stockholm, Sweden"
Snickareonline,Bellis Byggnads AB,+46720492722,,1,,"59,317399","18,063439",1.0,1,1.0,1,1,OK,"Swedenborgsgatan 1, 118 48 Stockholm, Sweden"
Snickareonline,BGD Bygg & Måleri,+46723234225,,1,,"59,317399","18,063439",1.0,1,1.0,1,1,OK,"Swedenborgsgatan 1, 118 48 Stockholm, Sweden"
Flytt,Billy and Dennis AB,+46708205992,,1,,"59,317399","18,063439",1.0,1,1.0,1,1,,
Elektriker,Björketidt Service AB,+46723959747,johar.norrkoping@elians.se,Slussportsvägen 4 614 92 Söderköping,Söderköping,,,1.0,1,1.0,1,1,,
Handyman,Bladhs trädgård AB,,,Nobelvägen 72b 212 15,Malmö,,,,1,,,,,
Elektriker,Blekinge el och solenergi AB,,info@elochsonenergi.se,Svarvarevägen 3 293 39 Olofström,Olofström,,,1.0,1,1.0,1,1,,
Elektriker,Bloom Production AB,,niklas@bloomproduction.se,Söderhagsvägen 31A 136 49 Vega,Vega,,,1.0,1,1.0,1,1,,
Spol,Bollnäs Avloppsservice AB,,,1,,,,1.0,1,1.0,1,1,,
Elektriker,Bossman Eltech AB,,info@bossman-eltech.se,Läkargatan 7B 633 56 Eskilstuna,Eskilstuna,,,1.0,1,1.0,1,1,,
Elektriker,Bravida Sverige AB (Hudiksvall),,,Ullsättersvägen 21b 824 35 Hudiksvall,Hudiksvall,,,1.0,1,1.0,1,1,,
Elektriker,Bravida Sverige AB (Strömstad),+4652628915,andre.malm@bravida.se,Prästängsvägen 11 452 33 Strömstad,Strömstad,,,1.0,1,1.0,1,1,,
Elektriker,Bravida Sverige AB (Sundsvall/Härnösand),+46761333834,kent.abrahamsson@bravida.se,Timmervägen 4 857 53 Sundsvall,Sundsvall,,,1.0,1,1.0,1,1,,
Elektriker,Bright Elteknik AB,,info@brightel.se,Heliosgatan 45 120 63 Stockholm,Stockholm,,,1.0,1,1.0,1,1,,
VVS,Bromans i Skåne AB,+46721579192,jessica@bromansskane.se,Virvelvägen 3 232 36 Arlöv,Arlöv,"55,63827","13,078412",1.0,1,1.0,1,1,,
Handyman,Brovreten Södra 7 AB,,,HÅRSTA 1 749 62,Örsundsbro,,,,1,,,,,
VVS,Brunnsbo Rör AB,+46723241410,info@brunnsboror.se,Höstvädersgatan 61 418 33 Göteborg,Göteborg,"57,703545","11,966936",1.0,1,1.0,1,1,,
VVS,Bygg & VVS Jouren i Halmstad,,stefiant@live.se,Furuvägen 42 302 24 Halmstad,Halmstad,"56,675144","12,857002",1.0,1,1.0,1,1,,
Flytt,Call4care AB,+46700788836,,1,,"59,317399","18,063439",1.0,1,1.0,1,1,,
Flytt,CaMa Service AB,+46768149343,,1,,"59,317399","18,063439",1.0,1,1.0,1,1,,
Handyman,Ceylon Hemexpert AB,,,Västra Rydetvägen 27 424 91,Olofstorp,,,,1,,,,,
Elektriker,CH Eltjänst AB,,christer@ch-eltjanst.se,Herr Arnes Gata 6 442 49 Kungälv,Kungälv,,,1.0,1,1.0,1,1,,
Elektriker,ChargeCare AB,+46722354555,admir.ranica@chargecare.nu,Meanderslingan 34 170 62 Solna,Solna,,,1.0,1,1.0,1,1,,
Elektriker,Chrille El-Snille AB,+46722085319,info@elsnille.se,Haga parkgata 10A 723 36 Västerås,Västerås,,,1.0,1,1.0,1,1,,
VVS,Dala-VattenTeam VVS AB,+46762109137,teddy@dalavattenteam.se,Bällstavägen 49 168 66 Bromma,Bromma,"59,33999","17,939152",1.0,1,1.0,1,1,,
VVS,DALÄLVENS VVS AB,+46739550773,pontus@dalalvensvvs.se,Nybogatan 26 814 70 Älvkarleby,Älvkarleby,"60,570374","17,455132",1.0,1,1.0,1,1,,
Elektriker,DAndre AB Elektriker,+46736228491,info@dandre.se,Fältvägen 5B 44331 Lerum,Lerum,,,1.0,1,1.0,1,1,,
Elektriker,DD Alarm el & Säkerhet,,info@ddalarm.se,Bivägen 2B lgh 1003 243 72 Tjörnarp,Tjörnarp,,,1.0,1,1.0,1,1,,
Elektriker,Dempas Elservice AB,+46733484596,dempasel@gmail.com,,Karsbovägen Torsås,,,1.0,1,1.0,1,1,,
Elektriker,Den Gode Herden Elservice,+46739125996,markos@dengodeherdenselservice.se,Körvelgatan 37 754 48 Uppsala,Uppsala,,,1.0,1,1.0,1,1,,
VVS,Dosee Gruppen Kommanditbolag,+46708933112,mikael@dosee.se,,Norrköping,"58,590572","16,185743",1.0,1,1.0,1,1,,
Handyman,Ehrenborg Bygg & Construction AB,,,Lönngatan 60A 214 49,Malmö,,,,1,,,,,
Elektriker,Eitech AB (gamla Envico Elpartner AB),+46702110199,johan.ejrendahl@envico.se,Nålvägen 5 931 57 Skellefteå,Skellefteå,,,1.0,1,1.0,1,1,,
Elektriker,Eitech AB (Örnsköldsvik),+46660222492,daniel.degerrot@eitech.se,Björnavägen 41 891 41 Örnsköldsvik,Örnsköldsvik,,,1.0,1,1.0,1,1,,
Elektriker,Eitech Electro AB (Sunne),+46703035300,par.nilsson@eitech.se,Jongstergatan 3 686 35 Sunne,Sunne,,,1.0,1,1.0,1,1,,
Elektriker,Eitech Sverige (Umeå),+46702280253,mathias.lejon@actemium.com,Mätarvägen 3 901 33 Umeå,Umeå,,,1.0,1,1.0,1,1,,
Spol,EKO SPOL SVERIGE AB,,,Hörnåkersvägen 8 183 65,Täby,,,,1,,,,,
Flytt,EkoClean Stockholm AB,+46728444447,,1,,"59,317399","18,063439",1.0,1,1.0,1,1,,
Elektriker,El & byggservice syd AB,+46702568994,dpelteknik@gmail.com,Ohlins väg 9 276 37 Borrby,Borrby,,,1.0,1,1.0,1,1,,
Elektriker,El & Datainstallatören Sverige AB,,patrik@eodi.se,Apelgatan 12 754 35 Uppsala,Uppsala,,,1.0,1,1.0,1,1,,
Elektriker,El Jour i Sundsvall AB,,kontakt@eljoursundsvall.se,Ängesvägen 8 863 35 Sundsbruk,Sundsbruk,,,1.0,1,1.0,1,1,,
Elektriker,El-Center Lennart Klarström Aktiebolag (Karlstad),+46547718709,jorgen.walfridsson@elcenterab.se,Gräsdalsgatan 11 653 36 Karlstad,Karlstad,,,1.0,1,1.0,1,1,,
Elektriker,El-Egant Solenergi AB,+46763411415,el-egant.solenergi@outlook.com,Sandbyvägen 81 276 37 Borrby,Borrby,,,1.0,1,1.0,1,1,,
Elektriker,El-Montage i Oskarshamn AB,+46705600495,mathias@elmontageoskarshamn.se,Norra Fabriksgatan 3 572 30 Oskarshamn,Oskarshamn,,,1.0,1,1.0,1,1,,
Elektriker,El5an,+46706978293,el5an@outlook.com,Västergatan 31B 856 42 Sundsvall,Sundsvall,,,1.0,1,1.0,1,1,,
Elektriker,Elajo El & Energiteknik AB,+46709254456,,Förrådsgatan 6 57236 Oskarshamn,Oskarshamn,,,1.0,1,1.0,1,1,,
Elektriker,Elajo El & Energiteknik AB (Borås),+104579094,marcus.luukkonen@elajo.se,Getängsvägen 29 504 68 Borås,Borås,,,1.0,1,1.0,1,1,,
Elektriker,Elajo El & Energiteknik AB (Gamleby/Västervik),+46722215504,emelie.klockaras@elajo.se,Odensvivägen 1 594 32 Gamleby,Gamleby,,,1.0,1,1.0,1,1,,
Elektriker,Elajo El & Energiteknik AB (Göteborg),+46722049091,mikael.malmberg@elajo.se,Sisjö Kullegata 6 436 32 Askim,Askim,,,1.0,1,1.0,1,1,,
Elektriker,Elajo El & Energiteknik AB (Helsingborg),+46722267956,davor.lukic@elajo.se,La Cours gata 252 31 Helsingborg,Helsingborg,,,1.0,1,1.0,1,1,,
Elektriker,Elajo El & Energiteknik AB (Hultsfred Vimmerby),+46725268298,oliver.carlford@elajo.se,Handelsvägen 577 39 Hultsfred,Hultsfred,,,1.0,1,1.0,1,1,,
Elektriker,"Elajo El & Energiteknik AB (Linköping, Norrköping,Valdemarsvik)",+46104578851,petter.britse@elajo.se,Kolfallsgatan 3 582 73 Linköping,Linköping,,,1.0,1,1.0,1,1,,
Elektriker,Elajo El & Energiteknik AB (Malmö),+46722123278,martin.lagermo@elajo.se,Hanögatan 1 211 24 Malmö,Malmö,,,1.0,1,1.0,1,1,,
Elektriker,"Elajo El & Energiteknik AB (Motala, Ödeshög, Tranås)",+46707849996,samuel.jakobsson@elajo.se,Dynamovägen 15 591 61 Motala,Motala,,,1.0,1,1.0,1,1,,
Elektriker,"Elajo El & Energiteknik AB (Oskarshamn, Mönsterås, Högsby)",+46703820999,,Primovägen 1 572 36 Oskarshamn,Oskarshamn,,,1.0,1,1.0,1,1,,
Elektriker,Elajo El & Energiteknik AB (Sävjsö/Vetlanda),+46702601117,pierre.svensson@elajo.se,Mejensjögatan 4 576 35 Sävsjö,Sävsjö,,,1.0,1,1.0,1,1,,
Elektriker,Elajo El & Energiteknik AB (Ulricehamn/Limmared)),,christian.millqvist@elajo.se,Maskinvägen 2 523 38 Ulricehamn,Ulricehamn,,,1.0,1,1.0,1,1,,
Elektriker,Elbolaget I Jönköping AB,+46720888963,info@elbol.se,Kungsängsvägen 7 554 56 Jönköping,Jönköping,,,1.0,1,1.0,1,1,,
Elektriker,Elbolaget Syd i Helsingborg Aktiebolag,+4642120675,faktura@elbolagetsyd.se,Muskötgatan 25 254 66 Helsingborg,Helsingborg,,,1.0,1,1.0,1,1,,
Elektriker,Elbyrån i Gävle Aktiebolag,+46705440314,order@elbyran.se,Strömsbrovägen 11 803 09 Gävle,Gävle,,,1.0,1,1.0,1,1,,
Elektriker,Electrolegio Installation AB,+46703237486,magnus.ronnlund@electrolegio.se,Terminalspåret 9 954 32 Gammelstad,Gammelstad,,,1.0,1,1.0,1,1,,
Elektriker,Elektrotjänst i Skåne AB,+46763065440,martin@elektrotjanst.net,Tornspiregatan 14 218 72 Tygelsjö,Tygelsjö,,,1.0,1,1.0,1,1,,
Elektriker,Elektrotjänst i Östersund AB,+46706106999,erik.andersson@elektrotjanst.se,Fagerbacken 80 831 48 Östersund,Östersund,,,1.0,1,1.0,1,1,,
Elektriker,Elergon Elteknik AB,+4672-3332084,info@elergon.se,1,,,,1.0,1,1.0,1,1,,
Elektriker,Eliko El och Kylservice AB,+46730784956,andreas@eliko.se,BASTEBACKA 102 459 91 Ljungskile,Ljungskile,,,1.0,1,1.0,1,1,,
Elektriker,ELINSTALLATIONER MALUNG-SÄLEN AB,+46705118100,info@elinstallationermalungsalen.se,Dammgatan 7 782 33 Malung,Malung,,,1.0,1,1.0,1,1,,
Elektriker,ELit Group AB,+46703096855,niklas.palm@sol-f.se,Säbygatan 23 753 23 Uppsala,Uppsala,,,1.0,1,1.0,1,1,,
Elektriker,Elitcom Service Nordic AB,,,1,,,,1.0,1,1.0,1,1,,
VVS,Ella VVS,+46765509099,info@ellavvs.se,,Eskilstuna,"59,371437","16,514153",1.0,1,1.0,1,1,,
Elektriker,Elpartner i Blekinge AB,+46708367740,per.svensson@elpartner.nu,Gullbernavägen 18 371 48 Lyckeby,Lyckeby,,,1.0,1,1.0,1,1,,
Elektriker,Elproffsen Bromma AB,+46762980921,elproffsenbromma@gmail.com,Söderberga allé 48 168 62 Bromma,Bromma,,,1.0,1,1.0,1,1,,
Elektriker,Eltech Installation Sverige AB,+46727116897,johan@eltechsverige.se,Galeasvägen 23 439 35 Onsala,Onsala,,,1.0,1,1.0,1,1,,
Elektriker,Elteknik i Tjust AB,,info@elteknikitjust.se,Barlastgatan 7 593 31 Västervik,Västervik,,,1.0,1,1.0,1,1,,
Elektriker,En Hel Del El AB,,mail@enheldelel.se,Danmarksgatan 18 753 23 Uppsala,Uppsala,,,1.0,1,1.0,1,1,,
Elektriker,Energi & Elteknik Sverige AB,+46700214210,nicklas@energioelteknik.se,Solgatan 8 260 24 Röstånga,Röstånga,,,1.0,1,1.0,1,1,,
Elektriker,Energieffekt i Värmland AB,+46700079686,erik.stjarnborg@energieffekt.se,Ramgatan 2B 653 41 Karlstad,Karlstad,,,1.0,1,1.0,1,1,,
VVS,Entreo Entreprenad AB,+46761847000,robin@entreo.se,Svandammsvägen 43 126 35 Hägersten,Hägersten,"59,304314","17,96753",1.0,1,1.0,1,1,,
Snickareonline,Entrepenadgruppen Sydväst AB,+46723070472,,1,,"59,317399","18,063439",1.0,1,1.0,1,1,OK,"Swedenborgsgatan 1, 118 48 Stockholm, Sweden"
Elektriker,Erik Robertsson Elfirma,+46703852296,erik.robertsson@tom.se,1,,,,1.0,1,1.0,1,1,,
Elektriker,Eskilstuna El Service AB,,info@e-elservice.se,Tunnbindarvägen 1 632 23 Eskilstuna,Eskilstuna,,,1.0,1,1.0,1,1,,
VVS,ESMA Solutions AB,+46707345635,info@esmasolutions.se,Regnmätargatan 27 723 50 Västerås,Västerås,"59,610109","16,550066",1.0,1,1.0,1,1,,
Elektriker,EVK-Installation AB,+46733242730,fredrik@evkinstallation.com,Norra Orredsvägen 9 439 74 Fjärås,Fjärås,,,1.0,1,1.0,1,1,,
Elektriker,Evnitec AB,,,TILLINGE-MÄLBY 4 745 94 Enköping,Enköping,,,1.0,1,1.0,1,1,,
Elektriker,Fastighet Regler el service i Virsbo AB,,f.persson@fresab.se,Långtallbovägen 5 735 34 Surahammar,Surahammar,,,1.0,1,1.0,1,1,,
Handyman,FE Skog & Alltjänst,,,LUND 109 710 41,Fellingsbro,,,,1,,,,,
Elektriker,Fiskarhagens El AB,+46736391730,,Fiskarbacken 6 145 90 Norsborg,Norsborg,,,1.0,1,1.0,1,1,,
VVS,FKV Kylteknik AB,+46720047799,info@fkvkylteknik.se,Rundgången 12 254 52 Helsingborg,Helsingborg,"56,045826","12,695688",1.0,1,1.0,1,1,,
Elektriker,Flexergi AB,+4670-2568994,info@flexergi.se,Vallbyvägen 10 276 50 Hammenhög,Hammenhög,,,1.0,1,1.0,1,1,,
Snickareonline,Flexibla entreprenader i sthlm AB,+46767758633,,1,,"59,317399","18,063439",1.0,1,1.0,1,1,OK,"Swedenborgsgatan 1, 118 48 Stockholm, Sweden"
Flytt,FLYTTFABRIKEN AB,+46707365156,,1,,"59,317399","18,063439",1.0,1,1.0,1,1,,
Flytt,FlyttRent Södra AB,+46765777160,,1,,"59,317399","18,063439",1.0,1,1.0,1,1,,
Elektriker,FM El Jour AB,,kontakt@fmeljour.se,Skidbacken 54 174 54 Sundbyberg,Sundbyberg,,,1.0,1,1.0,1,1,,
Elektriker,FM Elektriska AB,+46708525450,fredrik@fmelektriska.se,Hovlunds väg 11 373 36 Fridlevstad,Fridlevstad,,,1.0,1,1.0,1,1,,
VVS,Forsberg VVS,+46761018374,info@forsbergvvs.se,,Uppsala,"59,858757","17,638515",1.0,1,1.0,1,1,,
Elektriker,Fosie Elservice AB,+46733129339,info@fosieelservice.se,Vetevägen 18 274 61 Rydsgård,Rydsgård,,,1.0,1,1.0,1,1,,
Flytt,Fraktsons Flytt AB,+46103306464,,1,,"59,317399","18,063439",1.0,1,1.0,1,1,,
VVS,FS Montage & Allservice AB,,,Regementsgatan 5 151 66 Södertälje,Södertälje,"59,194916","17,628517",1.0,1,1.0,1,1,,
Flytt,FS Servicemind AB,+46704599463,,1,,"59,317399","18,063439",1.0,1,1.0,1,1,,
VVS,Fältströms VVS AB,,,Saturnusvägen 75 352 64 Växjö,Växjö,"59,55936","15,758089",1.0,1,1.0,1,1,,
Elektriker,Färjeställets Elinstallation & Konsult,+46704091589,mathias@farjestalletselinstallation.se,Färjestället 1 761 94 Norrtälje,Norrtälje,,,1.0,1,1.0,1,1,,
Elektriker,Gabbes Elservice,+46730664443,gabbeselservice@gmail.com,Ekevägen 41 231 36 Trelleborg,Trelleborg,,,1.0,1,1.0,1,1,,
VVS,GBG installation ( VVS ),+46708522773,liam@gbginstallation.se,Fässberg Mellangård 2 431 44 Mölndal,Mölndal,"57,65551","12,014971",1.0,1,1.0,1,1,,
Spol,GG Högtryckstjänst & Rörinspektion AB,,,Bäckvägen 17 A 192 54,Sollentuna,,,,1,,,,,
VVS,GG Rörteknik,+46700157578,gabriel@ggrorteknik.se,1,Stockholm,"60,564129","14,664427",1.0,1,1.0,1,1,,
Elektriker,GH EL i Uddevalla AB,+46522641660,,Gustaf Mattssons väg 2 451 50 Uddevalla,Uddevalla,,,1.0,1,1.0,1,1,,
VVS,GK Rör Gävle,+46765519766,p.eriksson@gk.se,,Gävle,"60,674454","17,1429",1.0,1,1.0,1,1,,
VVS,GK Rör Göteborg,+46703538300,gk.vs.goteborg@gk.se,,Västra Frölunda,"57,65382","11,904402",1.0,1,1.0,1,1,,
VVS,Gk Rör Malmö,+46706268196,anette.bjorkenstam@gk.se,,Malmö,"55,60456","13,001223",1.0,1,1.0,1,1,,
VVS,GK Rör Västerås,+46703796528,gkror.order.vasteras@gk.se,,Västerås,"59,610109","16,550066",1.0,1,1.0,1,1,,
VVS,GK Sverige AB,+46709432124,johan.bergstrom@gk.se,Karlfeldtsgatan 14 722 22 Västerås,Västerås,"59,610109","16,550066",1.0,1,1.0,1,1,,
Snickareonline,Golvpartner i Göteborg AB,,,1,,"59,317399","18,063439",1.0,1,1.0,1,1,OK,"Swedenborgsgatan 1, 118 48 Stockholm, Sweden"
Elektriker,GP Engineering AB,+46704802101,thommy.gideonsson@gp-engineering.se,Brädgårdsvägen 2 815 41 Tierp,Tierp,,,1.0,1,1.0,1,1,,
Elektriker,Granitor Electro AB (Mora),+46104707728,christer.litsche@granitor.se,Mossvägen 6 792 36 Mora,Mora,,,1.0,1,1.0,1,1,,
Elektriker,Granitor Electro Aktiebolag (Karlstad),+4610-4707191,christer.fredriksson@granitor.se,Kasernhöjden 7 653 39 Karlstad,Karlstad,,,1.0,1,1.0,1,1,,
Elektriker,Granitor Electro Aktiebolag (Örebro),,,Södra Vägen 8 702 27 Örebro,Örebro,,,1.0,1,1.0,1,1,,
Elektriker,Grums Elservice Handelsbolag,,elservicechrister@gmail.com,Torpstöd Kärrbergs 664 91 Grums,Grums,,,1.0,1,1.0,1,1,,
VVS,Grännsjö VVS AB,+46767945381,andersgrannsjo@hotmail.com,Skolgatan 8A 231 70 Anderslöv,Anderslöv,"55,438244","13,317174",1.0,1,1.0,1,1,,
Handyman,Grön Fastighets Service i Skåne AB,,,von Lingens väg 13 213 70,Malmö,,,,1,,,,,
Elektriker,Gtech Gbg AB,+46721632327,artan@generaltech.se,Pilegården 6b 436 35,Askim,,,1.0,1,1.0,1,1,,
Elektriker,Gustrings Elektriska AB,+46709122890,lucas@gustringsel.se,Kaminvägen 4 176 77 Järfälla,Järfälla,,,1.0,1,1.0,1,1,,
Spol,Göteborgs Spolservice AB,,,A Odhners gata 41 421 30,Västra Frölunda,,,,1,,,,,
VVS,Hajo VVS & kyla AB,,linus@hajoab.se,Dyevägen 6 653 49 Karlstad,Karlstad,"59,380566","13,501793",1.0,1,1.0,1,1,,
Snickareonline,Hanöbuktensbygg AB,+46704503355,,1,,"59,317399","18,063439",1.0,1,1.0,1,1,OK,"Swedenborgsgatan 1, 118 48 Stockholm, Sweden"
Snickareonline,HB City Byggprojekt AB,+46723993906,,1,,"59,317399","18,063439",1.0,1,1.0,1,1,OK,"Swedenborgsgatan 1, 118 48 Stockholm, Sweden"
Elektriker,HBA EL,+46768917431,info@hbael.se,Stationsvägen 16 373 43 Rödeby,Rödeby,,,1.0,1,1.0,1,1,,
VVS,HBG VVS,+46736189967,hbgvvs@hotmail.com,,Helsingborg,"56,045826","12,695688",1.0,1,1.0,1,1,,
Elektriker,HE Elteknik AB,+46766009734,heelteknikab@gmail.com,Gamla Stan 10 70361 Örebro,Örebro,,,1.0,1,1.0,1,1,,
Elektriker,Hellström elkonsult AB,+46700431615,joel@hellstromsel.se,Schlytersvägen 31 126 50 Hägersten,Hägersten,,,1.0,1,1.0,1,1,,
Elektriker,Henriks Elservice i Värmland AB,+46704568582,henrik@henrikselservice.se,SUNNSKÄRSVÄGEN 4 653 38 Karlstad,Karlstad,,,1.0,1,1.0,1,1,,
Snickareonline,Herman Bygg och Kakel AB,+46765550509,,1,,"59,317399","18,063439",1.0,1,1.0,1,1,OK,"Swedenborgsgatan 1, 118 48 Stockholm, Sweden"
Snickareonline,HF Byggproffs AB,+46728545407,,1,,"59,317399","18,063439",1.0,1,1.0,1,1,OK,"Swedenborgsgatan 1, 118 48 Stockholm, Sweden"
Elektriker,HK Installation,,hk-installation@outlook.com,Advokatbacken 20 145 56 Norsborg,Norsborg,,,1.0,1,1.0,1,1,,
Elektriker,Hull installation EL,+46700528870,el@hullenergi.se,1,,,,1.0,1,1.0,1,1,,
VVS,Hull installation VVS,+46700528870,vvs@hullenergi.se,,Göteborg,"57,703545","11,966936",1.0,1,1.0,1,1,,
Spol,Högtrycks tjänst Syd AB,,,Segedalsvägen 2 232 91,Arlöv,,,,1,,,,,
VVS,Img Rör & Vvs AB,+4676911663,info@imgror.com,Källhagenstigen 19 151 56 Södertälje,Södertälje,"59,194916","17,628517",1.0,1,1.0,1,1,,
Elektriker,Ingenjörsbyrån i HBG AB,+46727273712,ahmed.touman@ingbyranhbg.se,Mörsaregatan 9 25466 Helsingborg,Helsingborg,,,1.0,1,1.0,1,1,,
Flytt,Instad AB,+46738086194,,1,,"59,317399","18,063439",1.0,1,1.0,1,1,,
Elektriker,Installationsteamet Sverige AB,+46736323997,nikitas@installationsteamet.nu,Magnuses Fias väg 16 184 95 Ljusterö,Ljusterö,,,1.0,1,1.0,1,1,,
Elektriker,IP i Sverige AB,,,"Sylveniusgatan 5 75450 Uppsala, inbox.lev.1005293@arkivplats.se","Uppsala, inbox.lev.1005293@arkivplats.se",,,1.0,1,1.0,1,1,,
Elektriker,Itaros AB,+46735454330,,Sidenvävargatan 17 75319 Uppsala,Uppsala,,,1.0,1,1.0,1,1,,
Handyman,Ivar Fridholm,+46763480507,,,Lund,"55,703068","13,1932",1.0,1,1.0,1,1,OK,"Lund, Skåne, Sweden"
Handyman,Ivar Fridholm ( Boka Handyman ),,,Spolegatan 18 222 19,Lund,,,,1,,,,,
Elektriker,Ivelid Elinstallation AB,+46705435379,,Sandviksvägen 26 352 41 Växjö,Växjö,,,1.0,1,1.0,1,1,,
Elektriker,J Stolts El,+46760310517,jan-olof@jstoltsel.se,Tessingatan 26 461 41 Trollhättan,Trollhättan,,,1.0,1,1.0,1,1,,
Elektriker,J.H eltjänst AB,+46721834776,johan@jh-el.se,Råda Hallen 1 53196 Lidköping,Lidköping,,,1.0,1,1.0,1,1,,
Handyman,Jannis Trädgård AB,,,Loviselundsvägen 19C 165 59,Hässelby,,,,1,,,,,
Elektriker,JD Elinstallationer Aktiebolag,+46733889691,denkji.jack@gmail.com,Nils-Axels väg 8 784 63 Borlänge,Borlänge,,,1.0,1,1.0,1,1,,
Spol,JN Spolkonsult,,,Forvägen 25 862 34,Kvissleby,,,,1,,,,,
Elektriker,Johan Bergs EL,+46737198512,johan.berg@bergs-el.se,Lillholmsvägen 6 560 13 Hok,Hok,,,1.0,1,1.0,1,1,,
Elektriker,Johanssons Elservice AB,+46738172087,johanssonselserviceab@hotmail.com,Sturevägen 32 611 56 Nyköping,Nyköping,,,1.0,1,1.0,1,1,,
Elektriker,John Priman AB,,,slyte 546 705 98 Lillkyrka,Lillkyrka,,,1.0,1,1.0,1,1,,
Elektriker,Johnnys Eltjänst AB,+46702641605,j.eltjanst@icloud.com,921 99 Lycksele,Lycksele,,,1.0,1,1.0,1,1,,
Handyman,Josef Sanchez Handyman,,,Örnsätrabacken 16 127 30,Skärholmen,,,,1,,,,,
Elektriker,Jourproffsen i Sverige AB Spol VVS Lås EL,+46736425560,,"Bellmansgatan 7 411 28 Göteborg, inbox.lev.1536808@arkivplats.se","Göteborg, inbox.lev.1536808@arkivplats.se",,,1.0,1,1.0,1,1,,
Elektriker,JS Elservice AB,+46735529928,alex.goransson@jselservice.se,Granitgatan 9 254 68 Helsingborg,Helsingborg,,,1.0,1,1.0,1,1,,
Snickareonline,Julius Alvengren,+46736801436,,1,,"59,317399","18,063439",1.0,1,1.0,1,1,OK,"Swedenborgsgatan 1, 118 48 Stockholm, Sweden"
VVS,JZ Service AB,+46733820097,info@jzkylovarme.se,Augusts väg 7 439 93 Onsala,Onsala,"57,427105","12,030352",1.0,1,1.0,1,1,,
Elektriker,K-Sylwan El AB,+46707992461,info@sylwansel.se,Ryggen 606 791 96 Falun,Falun,,,1.0,1,1.0,1,1,,
Elektriker,K.E Elteknik AB,,k.e-elteknik@outlook.com,Friggs väg 145 69 Norsborg,Norsborg,,,1.0,1,1.0,1,1,,
Elektriker,Kalema E-Mobility AB,,janne.granlund@hyemob.se,Hantverkargatan 18 781 71 Borlänge,Borlänge,,,1.0,1,1.0,1,1,,
VVS,Kalmar Allservice AB ( VVS & SPOL ),+46761135661,jimmy@kalmarallservice.org,Gästgivarvägen 64 393 64 Kalmar,Kalmar,"56,662883","16,366238",1.0,1,1.0,1,1,,
Elektriker,Kalmar VVS- & El-Montage AB,+46706778735,fredrik.strandman@kalmarvvs.se,Storgatan 70 386 32 Färjestaden,Färjestaden,,,1.0,1,1.0,1,1,,
VVS,Karlslunds VVS AB,+46733301000,karlslundsvvs@gmail.com,Litsvägen 7 831 42 Östersund,Östersund,"63,177784","14,636897",1.0,1,1.0,1,1,,
VVS,KJ rörteknik AB,+46700103335,kevin@kjrorteknik.se,Fornborgsvägen 38A 141 33 Huddinge,Huddinge,"59,229507","17,97529",1.0,1,1.0,1,1,,
Elektriker,Kjell Remahl,,kjell.remdahl@gmail.com,Skiffervägen 20 945 34 Rosvik,Rosvik,,,1.0,1,1.0,1,1,,
Flytt,Klara Städ AB,+46761995526,,1,,"59,317399","18,063439",1.0,1,1.0,1,1,,
VVS,Klimatkomfort Syd AB,+46763086092,info@klimatkomfortsyd.se,Östra Hindbyvägen 53B 213 74 Malmö,Malmö,"55,60456","13,001223",1.0,1,1.0,1,1,,
VVS,Korpstans VVS,+46707428005,benny@korpstansvvs.se,,Uddevalla,"58,34948","11,935989",1.0,1,1.0,1,1,,
VVS,Kunda Rörteknik AB,+46722236025,emmanuel.kunda@kundarorteknik.se,Varmfrontsgatan 11 12834 Skarpnäck,Skarpnäck,"59,266804","18,128433",1.0,1,1.0,1,1,,
Flytt,Kvalitet Transport Sverige AB,+46704877961,,1,,"59,317399","18,063439",1.0,1,1.0,1,1,,
Elektriker,Kärnel Roslagen AB,,rostin@karnel.se,Dyviksvägen 147 184 91 Åkersberga,Åkersberga,,,1.0,1,1.0,1,1,,
Elektriker,L&S Elservice syd,+46762979162,lselservicesyd@gmail.com,Bennets väg 47 21366 Malmö,Malmö,,,1.0,1,1.0,1,1,,
VVS,Leijonborgs Rör AB,+46730912608,jakob@leijonborgsror.com,Åkerbyvägen 715 72 Stora Mellösa,Stora Mellösa,"59,209946","15,499257",1.0,1,1.0,1,1,,
Elektriker,Lekebergs Elektriska AB,+46703389461,invoice@ecov.se,Ingvaldstorp 3317 716 93 Fjugesta,Fjugesta,,,1.0,1,1.0,1,1,,
Elektriker,Levéns El AB,+46733192501,levensel@outlook.com,Byggmästargatan 4C 803 24 Gävle,Gävle,,,1.0,1,1.0,1,1,,
Elektriker,Lidéns Elinstallationer,+46760091618,,Sobelstigen 1 585 72 Ljungsbro,Ljungsbro,,,1.0,1,1.0,1,1,,
VVS,Lindbackens VVS AB,+46704682820,info@lindbackensvvs.com,Torpvretsvägen 4 Uppsala,Uppsala,"59,858757","17,638515",1.0,1,1.0,1,1,,
Elektriker,Lindströms elservice AB,+46739576475,micael@lindstroms-el.se,Paradisvägen 7 518 42 Sjömarken,Sjömarken,,,1.0,1,1.0,1,1,,
Elektriker,Livel AB,+46812144477,hello@livel.se,Landsvägen 3C 19270 Sollentuna,Sollentuna,,,1.0,1,1.0,1,1,,
Elektriker,LN Elservice AB,+46705582506,lnelservice@outlook.com,Korpralsvägen 40 904 32 Umeå,Umeå,,,1.0,1,1.0,1,1,,
Elektriker,LREL Tidaholm AB,,linus@lrel.se,Solkullegatan 3A 522 30 Tidaholm,Tidaholm,,,1.0,1,1.0,1,1,,
VVS,LS Örebro rörgrupp AB,+46707255967,sami@lsrorgrupp.se,Bettorpsgatan 10 703 69 Örebro,Örebro,"59,272211","15,211436",1.0,1,1.0,1,1,,
VVS,Lundås Byggnads i Borås AB,+46761626393,ben@lundasbygg.se,Björkhagsvägen 10 518 43 Sjömarken,Sjömarken,"57,715557","12,835083",1.0,1,1.0,1,1,,
Flytt,M&H flytt AB,+46761391600,,1,,"59,317399","18,063439",1.0,1,1.0,1,1,,
Elektriker,M.G elteknik AB,+46703708060,mgelteknikab@gmail.com,Färnäs bygata 69 792 75 Färnäs,Färnäs,,,1.0,1,1.0,1,1,,
VVS,Magnus.H Rörtjänster,+46734129598,hakanssonmagnus83@gmail.com,,Halmstad,"56,675144","12,857002",1.0,1,1.0,1,1,,
Spol,Manthey Service AB,,,BOLSTRÖ 10 731 95,Köping,,,,1,,,,,
Elektriker,Maren El AB,+46729998300,samer@marenel.se,Kungsgatan 1 111 43 Stockholm,Stockholm,,,1.0,1,1.0,1,1,,
Snickareonline,Mattias Fransson AB,+46739865040,,1,,"59,317399","18,063439",1.0,1,1.0,1,1,OK,"Swedenborgsgatan 1, 118 48 Stockholm, Sweden"
Elektriker,MB El & Teknik i Skåne AB,,info@mbeloteknik.se,Pärongatan 9 233 38 Svedala,Svedala,,,1.0,1,1.0,1,1,,
Elektriker,MF Kraft AB,+46764055506,filip.shahho01@gmail.com,1,,,,1.0,1,1.0,1,1,,
Elektriker,MH El & Säkerhet AB,+46762007778,info@mhel.se,Törnrosavägen 51 151 37 Södertälje,Södertälje,,,1.0,1,1.0,1,1,,
Elektriker,MH Eltjänst AB,+46731933042,mokhtar.soltani@mheltjanst.se,Stångjärnsgatan 180 724 77 Västerås,Västerås,,,1.0,1,1.0,1,1,,
Elektriker,Milani Consulting Ab,,info@elmiconsult.se,Nämndemansvägen 31 192 70 Sollentuna,Sollentuna,,,1.0,1,1.0,1,1,,
Elektriker,Milla AB,,alexrosnyg@gmail.com,Sunnevägen 1b 429 42 Särö,Särö,,,1.0,1,1.0,1,1,,
Spol,Molins i Kalmar AB,,,Engelska vägen 8 393 54,Kalmar,,,,1,,,,,
Snickareonline,Motio AB,+46708386740,,1,,"59,317399","18,063439",1.0,1,1.0,1,1,OK,"Swedenborgsgatan 1, 118 48 Stockholm, Sweden"
Snickareonline,MSE Måleri AB,+46761670311,,1,,"59,317399","18,063439",1.0,1,1.0,1,1,OK,"Swedenborgsgatan 1, 118 48 Stockholm, Sweden"
Elektriker,MTEL i Uppsala AB,+46739538558,david@mtel.se,Åkaregatan 5 754 54 Uppsala,Uppsala,,,1.0,1,1.0,1,1,,
VVS,Myller vvs AB,+46723388838,myllervvs@gmail.com,Sankt Göransgatan 65 112 38 Stockholm,Stockholm,"59,324337","18,06902",1.0,1,1.0,1,1,,
Snickareonline,MyraMax bygg AB,+46762100421,,1,,"59,317399","18,063439",1.0,1,1.0,1,1,OK,"Swedenborgsgatan 1, 118 48 Stockholm, Sweden"
Elektriker,Nannex El Stockholm AB,+46735771585,info@nannexel.se,Visirvägen 22 141 74 Segeltorp,Segeltorp,,,1.0,1,1.0,1,1,,
Flytt,NBN Allservice AB,+46722822063,,1,,"59,317399","18,063439",1.0,1,1.0,1,1,,
Elektriker,Next Level Electric AB,,christian@nextlevelel.se,Hedemoravägen 103 19271 Sollentuna,Sollentuna,,,1.0,1,1.0,1,1,,
VVS,Nielsens VVS AB,+46705555355,nielsensvvs@outlook.com,Artistgatan 36 644 35 Torshälla,Torshälla,"59,41977","16,473534",1.0,1,1.0,1,1,,
Elektriker,Nimoz Elinstallation AB,+46732483979,simon@nimoz.se,Amerikavägen 165 833 49 Hammerdal,Hammerdal,,,1.0,1,1.0,1,1,,
Elektriker,NordenEL AB,+46700610510,info@nordenel.se,Plåtslagaregatan 17 603 48 Norrköping,Norrköping,,,1.0,1,1.0,1,1,,
VVS,Nordgren & Partners VVS AB,+46769428212,ludwig.pettersson@nordgrenpartners.se,Johanneslundsvägen 12 194 61 Upplands Väsby,Upplands Väsby,"59,518456","17,918081",1.0,1,1.0,1,1,,
Elektriker,Nordic EL & Värmeteknik AB,,,Vävarevägen 9 141 74 Segeltorp,Segeltorp,,,1.0,1,1.0,1,1,,
Elektriker,Nordisk Serviceteknik AB,+46722048422,ricky@nordiskserviceteknik.se,Bråtebäcksvägen 23 656 39 Karlstad,Karlstad,,,1.0,1,1.0,1,1,,
VVS,Nordiska VVS och EL AB,+46706146002,info@nordiska-vvs-och-el.se,Ängesvägen 8 863 35 Sundsbruk,Sundsbruk,"62,458168","17,348219",1.0,1,1.0,1,1,,
Spol,Norrbotten Spol & Fastighetsservice AB,,,Rådhustorget 2A 972 32,Luleå,,,,1,,,,,
Elektriker,Norrorts El och Bygg AB,+46730607304,alexander@minelektriker.nu,Sadelgatan 133 194 72 Upplands Väsby,Upplands Väsby,,,1.0,1,1.0,1,1,,
Flytt,NS Nordic Service AB,+46736972433,,1,,"59,317399","18,063439",1.0,1,1.0,1,1,,
Elektriker,NZ El-service AB,,info@nzel.se,Skördevägen 17 261 75 Asmundtorp,Asmundtorp,,,1.0,1,1.0,1,1,,
Flytt,Näsby Flytt & Städ AB,+46737199388,,1,,"59,317399","18,063439",1.0,1,1.0,1,1,,
Snickareonline,OCTO Entreprenad AB,+46704323222,,1,,"59,317399","18,063439",1.0,1,1.0,1,1,OK,"Swedenborgsgatan 1, 118 48 Stockholm, Sweden"
Flytt,Onspot Logistic AB,+46708273921,,1,,"59,317399","18,063439",1.0,1,1.0,1,1,,
VVS,OR VVS Teknik AB,+46703958492,info@orvvs.se,Ullbergsvägen 10 135 67 Tyresö,Tyresö,"59,239178","18,307854",1.0,1,1.0,1,1,,
VVS,Peter Engström Rörtjänst AB,+46706983838,peter.e@telia.com,Kattängsvägen 1 394 77 Kalmar,Kalmar,"56,662883","16,366238",1.0,1,1.0,1,1,,
Elektriker,Peter Lavebrand El & Tele,,peter.62@live.se,S:t Clemens gata 40 252 34 Helsingborg,Helsingborg,,,1.0,1,1.0,1,1,,
VVS,Petterssons Rör & Värmepumpar AB,+46723119986,info@prov-ab.se,Gårdeby Petterslund 1 614 95 Söderköping,Söderköping,"58,48224","16,320297",1.0,1,1.0,1,1,,
VVS,Philip K. VVS AB,+46737839493,philip@pkvvs.se,Kansligränd 18 141 63 Huddinge,Huddinge,"59,229507","17,97529",1.0,1,1.0,1,1,,
Handyman,PHM Trädgård AB,,,Lomvägen 497 192 56,Sollentuna,,,,1,,,,,
Spol,Pipetech Spol & Relining Sweden AB,,,Gjutargatan 46 781 70,Borlänge,,,,1,,,,,
VVS,Plinto VVS AB,+46733959300,info@plinto.se,1,,"59,317399","18,063439",1.0,1,1.0,1,1,,
VVS,Poseidon VVS och Bygg AB,+46738013431,info@poseidonvvs.com,Vasavägen 3 265 31 Åstorp,Åstorp,"56,134678","12,947434",1.0,1,1.0,1,1,,
Elektriker,Powerworx AB,+46709900700,info@powerworx.se,Box 480 116 74 Stockholm,Stockholm,,,1.0,1,1.0,1,1,,
Elektriker,Prima Elinstallationer Väst AB,+46313204152,info@primael.nu,Skrindvägen 24 442 44 Kungälv,Kungälv,,,1.0,1,1.0,1,1,,
Snickareonline,Prima Städ & Måleri AB,,,1,,"59,317399","18,063439",1.0,1,1.0,1,1,OK,"Swedenborgsgatan 1, 118 48 Stockholm, Sweden"
Elektriker,PrioSolar AB,+46709531616,ben@priosolar.se,1,,,,1.0,1,1.0,1,1,,
VVS,PRM MONTAGE AB,,info@pro-montage.se,Terapivägen 10F 141 55 Huddinge,Huddinge,"59,229507","17,97529",1.0,1,1.0,1,1,,
Snickareonline,PROHYBY AB,+46700433889,,1,,"59,317399","18,063439",1.0,1,1.0,1,1,OK,"Swedenborgsgatan 1, 118 48 Stockholm, Sweden"
Elektriker,Proof electro AB,,robin@proofelectro.se,Borrvägen 12 853 50 Sundsvall,Sundsvall,,,1.0,1,1.0,1,1,,
Handyman,QLIRR AB,,,Brunnehagen 7 417 47,Göteborg,,,,1,,,,,
Elektriker,R Johansson Elektriska i väst AB,+46739891190,rjelektriska@gmail.com,Änghagsgatan 15A 531 40 Lidköping,Lidköping,,,1.0,1,1.0,1,1,,
Spol,R.L Avlopp AB,,,Murkelvägen 27 748 40,Örbyhus,,,,1,,,,,
VVS,Radiator Halmstad VVS,+46761288987,michael.bengtsson@radiatorvvs.se,,Halmstad,"56,675144","12,857002",1.0,1,1.0,1,1,,
VVS,Radiator VVS Umeå ( 2699501277),+46760294866,umea@radiatorvvs.se,Mätarvägen 3 901 33 Umeå,Umeå,"63,825768","20,2635",1.0,1,1.0,1,1,,
VVS,RAGGE Rör AB,+46733278777,raggeror@gmail.com,Stafettgatan 3 603 74 Norrköping,Norrköping,"58,590572","16,185743",1.0,1,1.0,1,1,,
Snickareonline,Raman Måleri AB,+46760078936,,1,,"59,317399","18,063439",1.0,1,1.0,1,1,OK,"Swedenborgsgatan 1, 118 48 Stockholm, Sweden"
Snickareonline,Refinn AB,+46703977874,,1,,"59,317399","18,063439",1.0,1,1.0,1,1,OK,"Swedenborgsgatan 1, 118 48 Stockholm, Sweden"
Spol,Revives AB,,,Pepparrotsgatan 25B 749 49,Enköping,,,,1,,,,,
VVS,Rosdahl VVS AB,+46725360905,rasmus@rosdahlvvs.se,Rädisgatan 11 271 54 Ystad,Ystad,"55,42969","13,821213",1.0,1,1.0,1,1,,
Elektriker,Rättviks Elektriska Aktiebolag,+46707454561,niklas.fredriksson@rattviksel.se,Genvägen 2 795 32 Rättvik,Rättvik,,,1.0,1,1.0,1,1,,
VVS,Rörfiness Stockholm AB,+46736666996,info@rorfiness.nu,Skrivargatan 28 174 64 Sundbyberg,Sundbyberg,"59,3615","17,966217",1.0,1,1.0,1,1,,
Spol,Rörinspektion i Karlstad Aktiebolag,,,Rådalsvägen 1 653 50,Karlstad,,,,1,,,,,
VVS,Rörmontören Syd AB,+46730361634,sandra@rormontorensyd.se,Järnvägsgatan 4 245 44 Staffanstorp,Staffanstorp,"55,643497","13,210142",1.0,1,1.0,1,1,,
VVS,RörTek Sverige AB,+46703144738,andreas@rortek.se,TJUSEBOTORP 518 705 91 Örebro,Örebro,"59,272211","15,211436",1.0,1,1.0,1,1,,
Elektriker,Sam El Aktiebolag,+46732394143,info@samel.se,Sandåkersgatan 1 252 31 Helsingborg,Helsingborg,,,1.0,1,1.0,1,1,,
Flytt,Sam flytt & städ,+46720103236,,1,,"59,317399","18,063439",1.0,1,1.0,1,1,,
VVS,Sandbäckens Rör i Landskrona / Helsingborg AB,+46724558701,adam.lachowicz@sandbackens.se,Hjalmar Brantings väg 27 261 43 Landskrona,Landskrona,"55,870605","12,831033",1.0,1,1.0,1,1,,
VVS,Sandbäckens Rör i Lund AB,+46730543441,stefan.u.johansson@sandbackens.se,Skiffervägen 35 224 78 Lund,Lund,"55,703068","13,1932",1.0,1,1.0,1,1,,
Elektriker,Service-Smedjan,,service.smedjan@gmail.com,Svenstorp 112 31167 Slöinge,Slöinge,,,1.0,1,1.0,1,1,,
Spol,Serwent AB,,,Libro ringväg 32 752 28,Uppsala,,,,1,,,,,
VVS,SGE Bygg & VVS AB,+46707518573,gabriel@sgegroup.se,Dragverksgatan 122 724 74 Västerås,Västerås,"59,610109","16,550066",1.0,1,1.0,1,1,,
Handyman,Simplex Bemanning AB,,,Liljeholmsvägen 18 117 61,Stockholm,,,,1,,,,,
Elektriker,SJG Nordkraft Invest AB,+46704732490,info@nksol.se,Hallbergagatan 9 602 09 Norrköping,Norrköping,,,1.0,1,1.0,1,1,,
Elektriker,Sk Elservice AB,+46767809200,simon@sk-elservice.se,Tegelbruksvägen 14 831 54 Östersund,Östersund,,,1.0,1,1.0,1,1,,
VVS,Skandi VVS AB,+46763935653,info@skandivvs.se,Pettsons gata 3 168 71 Bromma,Bromma,"59,33999","17,939152",1.0,1,1.0,1,1,,
VVS,Skandinavia VVS & Energi AB,+46760344233,info@skandinaviavvsenergi.se,Högbrunnsvägen 2 611 38 Nyköping,Nyköping,"58,754158","17,013615",1.0,1,1.0,1,1,,
Elektriker,Skyvings Elinstallation AB,+46702120118,,1,,,,1.0,1,1.0,1,1,,
Elektriker,Skärgårdspartner Ab,,sebastian@skargardspartner.se,Hasselbacken 3 139 33 Värmdö,Värmdö,,,1.0,1,1.0,1,1,,
Elektriker,Skåne El & Nätverk AB,,info@skaneelochnatverk.se,Knutsborg 22A 245 45 Staffanstorp,Staffanstorp,,,1.0,1,1.0,1,1,,
Spol,Skånska Högtrycksspolarna AB,+4644352402,,,Kristianstad,,,1.0,1,1.0,1,1,,
Spol,Skånska Högtrycksspolarna AB ( GG RÖR),,,Karpalundsvägen 39 291 61,Kristianstad,,,,1,,,,,
Elektriker,Sl-elkraft,,faktura@slelkraft.se,Lejens väg 20 360 42 Braås,Braås,,,1.0,1,1.0,1,1,,
Elektriker,Smart Elservice Sollefteå AB,+46738237713,info@smartelservice.se,Nipstadsgatan 2 881 34 Sollefteå,Sollefteå,,,1.0,1,1.0,1,1,,
Snickareonline,SMcon AB,+46762245950,,1,,"59,317399","18,063439",1.0,1,1.0,1,1,OK,"Swedenborgsgatan 1, 118 48 Stockholm, Sweden"
VVS,Smålands Kyl & Värme AB,+46769414114,saif.shakir@smalandkylvarme.se,Pinnmovägen 1 352 45 Växjö,Växjö,"56,87792","14,805003",1.0,1,1.0,1,1,,
Elektriker,Sol Axel Energi AB,+46739080818,info@solaxel.se,Norrbäcksgatan 37 216 24 Malmö,Malmö,,,1.0,1,1.0,1,1,,
Elektriker,Solarfy AB,+46793391391,niels@solarfy.se,Själlandsgatan 56 254 40 Helsingborg,Helsingborg,,,1.0,1,1.0,1,1,,
Handyman,SolF Holding AB Handyman,,,Säbygatan 23 753 23,Uppsala,,,,1,,,,,
Elektriker,Solfrekvens AB,+46703096855,niklas.palm@solfrekvens.se,Sylveniusgatan 5 75450 Uppsala,Uppsala,,,1.0,1,1.0,1,1,,
Handyman,Solit AB,,,Hagagatan 2 602 15,Norrköping,,,,1,,,,,
Elektriker,Sollie Elkonstruktion AB,+46706687012,sebastian@elsollie.se,Jägarvallsvägen 6F 584 22 Linköping,Linköping,,,1.0,1,1.0,1,1,,
Elektriker,Solmates Energy Group AB,+46727454343,fikri.akay@solmates.se,Norra Brovägen 27 702 21 Örebro,Örebro,,,1.0,1,1.0,1,1,,
Elektriker,solmates energy groupe aktiebolag,,,Norra Brovägen 27 70221 Örebro,Örebro,,,1.0,1,1.0,1,1,,
Snickareonline,SP Bygg i Skåne,+46739798485,,1,,"59,317399","18,063439",1.0,1,1.0,1,1,OK,"Swedenborgsgatan 1, 118 48 Stockholm, Sweden"
Spol,Spolarna Göteborg AB,,,Stålverksgatan 4C 417 07,Göteborg,,,,1,,,,,
Spol,Spolsnabben AB,,,Skebogatan 4 752 28,Uppsala,,,,1,,,,,
Spol,Spolspecialisten i Göteborg AB,,,Östra Eriksbergsgatan 12 417 60,Göteborg,,,,1,,,,,
Spol,SpolXpressen,,,Fina Svenséns Gata 9 152 59,Södertälje,,,,1,,,,,
Elektriker,Staffans El och Kraftservice AB,+46768279939,staffan@elochkraftservice.com,Ingatorpsvägen 598 92 Vimmerby,Vimmerby,,,1.0,1,1.0,1,1,,
Elektriker,Starks El & Projektering AB,+46709753320,fredrik@starksel.se,Kajesträdet 81 290 37 Arkelstorp,Arkelstorp,,,1.0,1,1.0,1,1,,
Elektriker,Stens El & Styr AB,+46704280556,emanuel@stenselstyr.se,Grustagsvägen 4 147 33 Tumba,Tumba,,,1.0,1,1.0,1,1,,
Snickareonline,Sthlm byggnads & fuktteknik,+46707570571,,1,,"59,317399","18,063439",1.0,1,1.0,1,1,OK,"Swedenborgsgatan 1, 118 48 Stockholm, Sweden"
Flytt,Städly Lokalvård AB,+46763087747,,1,,"59,317399","18,063439",1.0,1,1.0,1,1,,
Elektriker,Sund & Öberg Elektriska AB,+46763237210,info@sundobergel.se,Södra Vägen 362 95 Urshult,Urshult,,,1.0,1,1.0,1,1,,
VVS,Sundbybergs kyl & värmecenter AB,+46702440525,johan@sundbybergs.se,Esplanaden 13 172 68 Sundbyberg,Sundbyberg,"59,3615","17,966217",1.0,1,1.0,1,1,,
Elektriker,Sundin's elektriska & Chamlong's hushållstjänster AB,,ma_sundin_73@hotmail.com,HOVSÄTTER 6 824 93 Hudiksvall,Hudiksvall,,,1.0,1,1.0,1,1,,
Elektriker,SVEA Elteknik i Stockholm AB,+46735799575,sami@sveaelteknik.com,Frejgatan 45 113 49 Stockholm,Stockholm,,,1.0,1,1.0,1,1,,
Elektriker,Svea Volt AB,+46700506756,info@elserviceml.se,Segedalsvägen 3 232 91 Arlöv,Arlöv,,,1.0,1,1.0,1,1,,
Flytt,Svenska miljö gruppen Handelsbolag,+46703407102,,1,,"59,317399","18,063439",1.0,1,1.0,1,1,,
Elektriker,Sweido AB,+46102040330,info@laddboxhallen.se,Keramikvägen 64 238 40 Oxie,Oxie,,,1.0,1,1.0,1,1,,
Snickareonline,Swelux Construction Group AB,+46705903491,,1,,"59,317399","18,063439",1.0,1,1.0,1,1,OK,"Swedenborgsgatan 1, 118 48 Stockholm, Sweden"
Spol,Swoosh Örebro,,,Bettorpsgatan 10 703 84,Örebro,,,,1,,,,,
VVS,Sydfalken vvs AB,+46727777041,ekonomi@sydfalken.se,Rotevägen 3 244 66 Furulund,Furulund,"55,77441","13,093929",1.0,1,1.0,1,1,,
Spol,Södertörns Spolexpress AB,,,Nynäsvägen 32A 149 40,Nynäshamn,,,,1,,,,,
Elektriker,Sörmlandskustens elektriska,,info@slkel.se,Hunga Södergård 1 619 92 Trosa,Trosa,,,1.0,1,1.0,1,1,,
Elektriker,TeknikPartner (Smarta hem och elinstallationer Varberg AB),+46707871353,kristoffer.bank@teknikpartner.se,Vagnvägen 13 432 32 Varberg,Varberg,,,1.0,1,1.0,1,1,,
Snickareonline,Terravis Aktiebolag,+46735202482,,1,,"59,317399","18,063439",1.0,1,1.0,1,1,OK,"Swedenborgsgatan 1, 118 48 Stockholm, Sweden"
Handyman,Test Handyman Alex,+46762130543,,1,,"59,317399","18,063439",1.0,1,1.0,1,1,OK,"Swedenborgsgatan 1, 118 48 Stockholm, Sweden"
Flytt,TEST-Flyttfirman,,,1,,"59,317399","18,063439",1.0,1,1.0,1,1,,
Snickareonline,TEST-SNICKARFIRMA,,,1,,"59,317399","18,063439",1.0,1,1.0,1,1,OK,"Swedenborgsgatan 1, 118 48 Stockholm, Sweden"
Spol,Tims Spolservice AB,,,Kronostigen 6 264 52,Ljungbyhed,,,,1,,,,,
VVS,TKN Rör & Fastighetsservice AB,+46734444671,tony@tknror.se,Arrendegatan 173 441 56 Alingsås,Alingsås,"57,930077","12,536794",1.0,1,1.0,1,1,,
Spol,Toro Enterprise AB,,,Fjärilsvägen 2 342 33,Alvesta,,,,1,,,,,
VVS,Torstenssons Rör,+46762240913,eliask.vvs@gmail.com,,Gränna,"58,02248","14,467084",1.0,1,1.0,1,1,,
Elektriker,Transtema Charge AB (Ej avtal),+31224313,mattias.lindqvist@northprojects.se,Backa Bergögata 7 422 46 Hisings Backa,Hisings Backa,,,1.0,1,1.0,1,1,,
Handyman,TROPICAL MARK & TRÄDGÅRD AB,,,Vädurens gata,Brandbergen,,,,1,,,,,
Handyman,Tubey AB,,,Höstgatan 41 256 65,Helsingborg,,,,1,,,,,
VVS,Tunabergs VVS AB,+46706950213,tunabergsvvsab@gmail.com,SKILLERHULT 2 611 92 Nyköping,Nyköping,"58,754158","17,013615",1.0,1,1.0,1,1,,
Elektriker,Uni-El AB,+46708882339,zlatko@uni-el.se,Andesitgatan 11b 254 68 Helsingborg,Helsingborg,,,1.0,1,1.0,1,1,,
Snickareonline,Unik Malmö Allservice AB,+46723232223,,1,,"59,317399","18,063439",1.0,1,1.0,1,1,OK,"Swedenborgsgatan 1, 118 48 Stockholm, Sweden"
Handyman,Usmandjan Yakubov,,,Oslogatan 8 164 32,Kista,,,,1,,,,,
Handyman,Verdura Trädgård & Allservice AB,,,Box 42035 126 12,Stockholm,,,,1,,,,,
Elektriker,Vislanda Elservice AB,+46722800667,edin@vislandaelservice.se,Ängsvägen 14 342 50 Vislanda,Vislanda,,,1.0,1,1.0,1,1,,
Elektriker,Voltage Jönköping AB,,,Sälggatan 13 554 58 Jönköping,Jönköping,,,1.0,1,1.0,1,1,,
Elektriker,Volttage i Sverige AB,+46790767727,info@volttage.se,Kastellgatan 18B 413 07 Göteborg,Göteborg,,,1.0,1,1.0,1,1,,
Elektriker,Voltär AB,,voltarelmontage@outlook.com,Bagare Bertils gata 6 740 46 Östervåla,Östervåla,,,1.0,1,1.0,1,1,,
VVS,VVS & ENERGI VÄSTERÅS AB,+46700720632,yeldacontracting@gmail.com,Monoplangatan 13 723 48 Västerås,Västerås,"59,610109","16,550066",1.0,1,1.0,1,1,,
VVS,VVS akuten Södertörn,+46707405152,vvsakutensodertorn@gmail.com,,Segersäng,"59,02707","17,935741",1.0,1,1.0,1,1,,
VVS,VVS Expert Sverige AB,+46722505510,info@vvsexpert.se,Tågvägen 14 Saltsjöbaden,Saltsjöbaden,"59,279636","18,305094",1.0,1,1.0,1,1,,
VVS,VVS i Norr AB,+46706714506,glen@vvsnorr.se,Nya Söråkersgatan 12 861 51 Söråker,Söråker,"62,506027","17,507385",1.0,1,1.0,1,1,,
VVS,VVS Service i Karlstad AB,+46735717376,ola@vvsspecialisten.nu,Tullhusgatan 1a 652 27 Karlstad,Karlstad,"59,380566","13,501793",1.0,1,1.0,1,1,,
Handyman,Vvsochfastighetservice i Skåne,,,Widells väg 3 213 73,Malmö,,,,1,,,,,
VVS,Värmepoolen AB,+46704983255,varmeknekt@gmail.com,Svetsarvägen 25 176 73 Järfälla,Järfälla,"59,423347","17,833754",1.0,1,1.0,1,1,,
Elektriker,Värnamo Elteam AB,+46730894839,,Hånger Lövåsen 1 331 94 Värnamo,Värnamo,,,1.0,1,1.0,1,1,,
VVS,Växjö Rörservice AB,+46707469501,vaxjo-rorservice@hotmail.com,Vintervägen 7 E 352 32 Växjö,Växjö,"56,87792","14,805003",1.0,1,1.0,1,1,,
Elektriker,Wapima Outre-Mer AB,,roger@wapima.com,HALLANSBERG 10 549 92 Moholm,Moholm,,,1.0,1,1.0,1,1,,
Flytt,We Moovit AB,+46735346357,,1,,"59,317399","18,063439",1.0,1,1.0,1,1,,
Elektriker,WGN Electro,+46762673102,wisamnaomi@yahoo.com,Öknavägen 227 632 39 Eskilstuna,Eskilstuna,,,1.0,1,1.0,1,1,,
Elektriker,Xeldata Aktiebolag,+46704959964,info@xeldata.se,Wennerbergsgatan 15 754 21 Uppsala,Uppsala,,,1.0,1,1.0,1,1,,
Snickareonline,XOXO måleri,+46735808631,,1,,,,1.0,1,1.0,1,1,,
Handyman,Xwash i Sverige AB,,,Västra Mjällbyvägen 4 294 71,Sölvesborg,,,,1,,,,,
VVS,Älvsjö VVS Centrum 23 AB,+46736438754,,Kinnaredsgränd 61 125 72 Älvsjö,Älvsjö,"59,278484","18,007664",1.0,1,1.0,1,1,,
Elektriker,Åskviggens El AB,+46704731504,ruben@askviggensel.se,Magnoliavägen 19 138 30 Älta,Älta,,,1.0,1,1.0,1,1,,
Elektriker,"Özdemir, Aziz",,evt.aziz@gmail.com,Grönhögsvägen 36 582 76 Linköping,Linköping,,,1.0,1,1.0,1,1,,
